{
    "Ar36": {
        "error": 0.0001917014168982695, 
        "filter_outliers_dict": {
            "filter_outliers": true, 
            "iterations": 2, 
            "std_devs": 2
        }, 
        "fit": "Parabolic", 
        "value": 0.0013275483771269215
    }, 
    "Ar37": {
        "error": 0.012079807261560035, 
        "filter_outliers_dict": {
            "filter_outliers": true, 
            "iterations": 2, 
            "std_devs": 2
        }, 
        "fit": "linear", 
        "value": -0.0847290768175278
    }, 
    "Ar38": {
        "error": 0.012052981445618336, 
        "filter_outliers_dict": {
            "filter_outliers": true, 
            "iterations": 2, 
            "std_devs": 2
        }, 
        "fit": "linear", 
        "value": -0.11625176278611143
    }, 
    "Ar39": {
        "error": 0.022510905366122852, 
        "filter_outliers_dict": {
            "filter_outliers": true, 
            "iterations": 2, 
            "std_devs": 2
        }, 
        "fit": "Parabolic", 
        "value": -0.020327766173269757
    }, 
    "Ar40": {
        "error": 0.018494897530556442, 
        "filter_outliers_dict": {
            "filter_outliers": true, 
            "iterations": 2, 
            "std_devs": 2
        }, 
        "fit": "Parabolic", 
        "value": 0.3098129714262339
    }
}