{
    "Ar36": {
        "error": 6.0935796598250286e-05, 
        "filter_outliers_dict": {
            "filter_outliers": true, 
            "iterations": 2, 
            "std_devs": 2
        }, 
        "fit": "Parabolic", 
        "value": 0.0008624699212513853
    }, 
    "Ar37": {
        "error": 0.01086290835897181, 
        "filter_outliers_dict": {
            "filter_outliers": true, 
            "iterations": 2, 
            "std_devs": 2
        }, 
        "fit": "linear", 
        "value": -0.1327879963868327
    }, 
    "Ar38": {
        "error": 0.012042284126391493, 
        "filter_outliers_dict": {
            "filter_outliers": true, 
            "iterations": 2, 
            "std_devs": 2
        }, 
        "fit": "linear", 
        "value": -0.10338351303505518
    }, 
    "Ar39": {
        "error": 0.020913469200648384, 
        "filter_outliers_dict": {
            "filter_outliers": true, 
            "iterations": 2, 
            "std_devs": 2
        }, 
        "fit": "Parabolic", 
        "value": -0.04716061739428977
    }, 
    "Ar40": {
        "error": 0.020209860060518014, 
        "filter_outliers_dict": {
            "filter_outliers": true, 
            "iterations": 2, 
            "std_devs": 2
        }, 
        "fit": "Parabolic", 
        "value": 0.1833281243495773
    }
}