{
    "Ar36": {
        "error": 0.0022124071488239696, 
        "filter_outliers_dict": {
            "filter_outliers": true, 
            "iterations": 2, 
            "std_devs": 2
        }, 
        "fit": "Parabolic", 
        "value": 1.0456870075397966
    }, 
    "Ar37": {
        "error": 0.011779406861212424, 
        "filter_outliers_dict": {
            "filter_outliers": true, 
            "iterations": 2, 
            "std_devs": 2
        }, 
        "fit": "linear", 
        "value": 2.5375826491486126
    }, 
    "Ar38": {
        "error": 0.012165036944183106, 
        "filter_outliers_dict": {
            "filter_outliers": true, 
            "iterations": 2, 
            "std_devs": 2
        }, 
        "fit": "linear", 
        "value": 1.075091575688599
    }, 
    "Ar39": {
        "error": 0.02621022606584429, 
        "filter_outliers_dict": {
            "filter_outliers": true, 
            "iterations": 2, 
            "std_devs": 2
        }, 
        "fit": "Parabolic", 
        "value": 66.49114479918376
    }, 
    "Ar40": {
        "error": 0.053130024604917364, 
        "filter_outliers_dict": {
            "filter_outliers": true, 
            "iterations": 2, 
            "std_devs": 2
        }, 
        "fit": "Parabolic", 
        "value": 594.7487143589649
    }
}