{
    "Ar36": {
        "error": 0.0009193352114650777, 
        "filter_outliers_dict": {
            "filter_outliers": true, 
            "iterations": 2, 
            "std_devs": 2
        }, 
        "fit": "Parabolic", 
        "value": 0.18175774123427146
    }, 
    "Ar37": {
        "error": 0.011709532933531847, 
        "filter_outliers_dict": {
            "filter_outliers": true, 
            "iterations": 2, 
            "std_devs": 2
        }, 
        "fit": "linear", 
        "value": 1.0658277327606551
    }, 
    "Ar38": {
        "error": 0.012358742312198525, 
        "filter_outliers_dict": {
            "filter_outliers": true, 
            "iterations": 2, 
            "std_devs": 2
        }, 
        "fit": "linear", 
        "value": 0.28285901840805716
    }, 
    "Ar39": {
        "error": 0.02276160264706229, 
        "filter_outliers_dict": {
            "filter_outliers": true, 
            "iterations": 2, 
            "std_devs": 2
        }, 
        "fit": "Parabolic", 
        "value": 10.159269556729626
    }, 
    "Ar40": {
        "error": 0.027507491024887618, 
        "filter_outliers_dict": {
            "filter_outliers": true, 
            "iterations": 2, 
            "std_devs": 2
        }, 
        "fit": "Parabolic", 
        "value": 96.18900822733212
    }
}