{
    "Ar36": {
        "error": 0.001278850123706978, 
        "filter_outliers_dict": {
            "filter_outliers": true, 
            "iterations": 2, 
            "std_devs": 2
        }, 
        "fit": "Parabolic", 
        "value": 0.34353900859074415
    }, 
    "Ar37": {
        "error": 0.011456137949435981, 
        "filter_outliers_dict": {
            "filter_outliers": true, 
            "iterations": 2, 
            "std_devs": 2
        }, 
        "fit": "linear", 
        "value": 2.3419986100179235
    }, 
    "Ar38": {
        "error": 0.012719513673249949, 
        "filter_outliers_dict": {
            "filter_outliers": true, 
            "iterations": 2, 
            "std_devs": 2
        }, 
        "fit": "linear", 
        "value": 3.8665889304617673
    }, 
    "Ar39": {
        "error": 0.033734096331084956, 
        "filter_outliers_dict": {
            "filter_outliers": true, 
            "iterations": 2, 
            "std_devs": 2
        }, 
        "fit": "Parabolic", 
        "value": 167.2948651838293
    }, 
    "Ar40": {
        "error": 0.09204427143177037, 
        "filter_outliers_dict": {
            "filter_outliers": true, 
            "iterations": 2, 
            "std_devs": 2
        }, 
        "fit": "Parabolic", 
        "value": 2265.1442893644935
    }
}