{
    "Ar36": {
        "error": 0.0013075741496137877, 
        "filter_outliers_dict": {
            "filter_outliers": true, 
            "iterations": 2, 
            "std_devs": 2
        }, 
        "fit": "Parabolic", 
        "value": 0.3981230608979297
    }, 
    "Ar37": {
        "error": 0.01079074492439281, 
        "filter_outliers_dict": {
            "filter_outliers": true, 
            "iterations": 2, 
            "std_devs": 2
        }, 
        "fit": "linear", 
        "value": 0.060989550007468876
    }, 
    "Ar38": {
        "error": 0.01411627949266933, 
        "filter_outliers_dict": {
            "filter_outliers": true, 
            "iterations": 2, 
            "std_devs": 2
        }, 
        "fit": "linear", 
        "value": 1.4394580738405574
    }, 
    "Ar39": {
        "error": 0.03098753618292687, 
        "filter_outliers_dict": {
            "filter_outliers": true, 
            "iterations": 2, 
            "std_devs": 2
        }, 
        "fit": "Parabolic", 
        "value": 117.89533807228364
    }, 
    "Ar40": {
        "error": 0.05709376449463761, 
        "filter_outliers_dict": {
            "filter_outliers": true, 
            "iterations": 2, 
            "std_devs": 2
        }, 
        "fit": "Parabolic", 
        "value": 849.0586264620829
    }
}