{
    "Ar36": {
        "error": 0.0009016053511710618, 
        "filter_outliers_dict": {
            "filter_outliers": true, 
            "iterations": 2, 
            "std_devs": 2
        }, 
        "fit": "Parabolic", 
        "value": 0.16918705830449077
    }, 
    "Ar37": {
        "error": 0.011342924638883735, 
        "filter_outliers_dict": {
            "filter_outliers": true, 
            "iterations": 2, 
            "std_devs": 2
        }, 
        "fit": "linear", 
        "value": 0.021748846884867695
    }, 
    "Ar38": {
        "error": 0.012074365117068919, 
        "filter_outliers_dict": {
            "filter_outliers": true, 
            "iterations": 2, 
            "std_devs": 2
        }, 
        "fit": "linear", 
        "value": 2.6493219405495436
    }, 
    "Ar39": {
        "error": 0.03440217948969825, 
        "filter_outliers_dict": {
            "filter_outliers": true, 
            "iterations": 2, 
            "std_devs": 2
        }, 
        "fit": "Parabolic", 
        "value": 214.11349636322794
    }, 
    "Ar40": {
        "error": 0.09976145707453218, 
        "filter_outliers_dict": {
            "filter_outliers": true, 
            "iterations": 2, 
            "std_devs": 2
        }, 
        "fit": "Parabolic", 
        "value": 2326.735668218779
    }
}