{
    "AX": {
        "error": 0.011097645821057836, 
        "filter_outliers_dict": {
            "filter_outliers": true, 
            "iterations": 1, 
            "std_devs": 2
        }, 
        "fit": "average", 
        "value": -0.10995345001764234
    }, 
    "H1": {
        "error": 0.011515681180249475, 
        "filter_outliers_dict": {
            "filter_outliers": true, 
            "iterations": 1, 
            "std_devs": 2
        }, 
        "fit": "average", 
        "value": -0.03129621034590822
    }, 
    "H2": {
        "error": 0.009864582722305285, 
        "filter_outliers_dict": {
            "filter_outliers": true, 
            "iterations": 1, 
            "std_devs": 2
        }, 
        "fit": "average", 
        "value": 0.00043094529931257463
    }, 
    "L1": {
        "error": 0.010840498245611212, 
        "filter_outliers_dict": {
            "filter_outliers": true, 
            "iterations": 1, 
            "std_devs": 2
        }, 
        "fit": "average", 
        "value": -0.118120843312851
    }, 
    "L2(CDD)": {
        "error": 6.3954921469893354e-06, 
        "filter_outliers_dict": {
            "filter_outliers": true, 
            "iterations": 1, 
            "std_devs": 2
        }, 
        "fit": "average", 
        "value": 3.9653010863436616e-05
    }
}