{
    "Ar36": {
        "error": 0.0006178548760252437, 
        "filter_outliers_dict": {
            "filter_outliers": true, 
            "iterations": 2, 
            "std_devs": 2
        }, 
        "fit": "Parabolic", 
        "value": 0.049028403869442114
    }, 
    "Ar37": {
        "error": 0.011507014392821669, 
        "filter_outliers_dict": {
            "filter_outliers": true, 
            "iterations": 2, 
            "std_devs": 2
        }, 
        "fit": "linear", 
        "value": -0.17428373344187506
    }, 
    "Ar38": {
        "error": 0.0118458314358594, 
        "filter_outliers_dict": {
            "filter_outliers": true, 
            "iterations": 2, 
            "std_devs": 2
        }, 
        "fit": "linear", 
        "value": 1.5585640287211595
    }, 
    "Ar39": {
        "error": 0.03128916447525302, 
        "filter_outliers_dict": {
            "filter_outliers": true, 
            "iterations": 2, 
            "std_devs": 2
        }, 
        "fit": "Parabolic", 
        "value": 129.54797261582831
    }, 
    "Ar40": {
        "error": 0.08059000847929776, 
        "filter_outliers_dict": {
            "filter_outliers": true, 
            "iterations": 2, 
            "std_devs": 2
        }, 
        "fit": "Parabolic", 
        "value": 1603.0293352187605
    }
}