{
    "Ar36": {
        "error": 0.0005607754628869301, 
        "filter_outliers_dict": {
            "filter_outliers": true, 
            "iterations": 2, 
            "std_devs": 2
        }, 
        "fit": "Parabolic", 
        "value": 0.04896590578819269
    }, 
    "Ar37": {
        "error": 0.01200775048955874, 
        "filter_outliers_dict": {
            "filter_outliers": true, 
            "iterations": 2, 
            "std_devs": 2
        }, 
        "fit": "linear", 
        "value": -0.15229742799021728
    }, 
    "Ar38": {
        "error": 0.013103295533716374, 
        "filter_outliers_dict": {
            "filter_outliers": true, 
            "iterations": 2, 
            "std_devs": 2
        }, 
        "fit": "linear", 
        "value": 1.5663334525411012
    }, 
    "Ar39": {
        "error": 0.03315776644177652, 
        "filter_outliers_dict": {
            "filter_outliers": true, 
            "iterations": 2, 
            "std_devs": 2
        }, 
        "fit": "Parabolic", 
        "value": 129.59987865745381
    }, 
    "Ar40": {
        "error": 0.08603596732635997, 
        "filter_outliers_dict": {
            "filter_outliers": true, 
            "iterations": 2, 
            "std_devs": 2
        }, 
        "fit": "Parabolic", 
        "value": 1603.5392208887906
    }
}