{
    "Ar36": {
        "error": 0.0005699005847900793, 
        "filter_outliers_dict": {
            "filter_outliers": true, 
            "iterations": 2, 
            "std_devs": 2
        }, 
        "fit": "Parabolic", 
        "value": 0.04987429899773852
    }, 
    "Ar37": {
        "error": 0.012418237963880011, 
        "filter_outliers_dict": {
            "filter_outliers": true, 
            "iterations": 2, 
            "std_devs": 2
        }, 
        "fit": "linear", 
        "value": -0.13607990795701827
    }, 
    "Ar38": {
        "error": 0.011544131631257308, 
        "filter_outliers_dict": {
            "filter_outliers": true, 
            "iterations": 2, 
            "std_devs": 2
        }, 
        "fit": "linear", 
        "value": 1.5766658707033696
    }, 
    "Ar39": {
        "error": 0.03235901785011331, 
        "filter_outliers_dict": {
            "filter_outliers": true, 
            "iterations": 2, 
            "std_devs": 2
        }, 
        "fit": "Parabolic", 
        "value": 129.7363018826644
    }, 
    "Ar40": {
        "error": 0.07939639114051143, 
        "filter_outliers_dict": {
            "filter_outliers": true, 
            "iterations": 2, 
            "std_devs": 2
        }, 
        "fit": "Parabolic", 
        "value": 1604.2780309884424
    }
}