{
    "Ar36": {
        "error": 0.0005994022675209575, 
        "filter_outliers_dict": {
            "filter_outliers": true, 
            "iterations": 2, 
            "std_devs": 2
        }, 
        "fit": "Parabolic", 
        "value": 0.04877871149786362
    }, 
    "Ar37": {
        "error": 0.01210125511479894, 
        "filter_outliers_dict": {
            "filter_outliers": true, 
            "iterations": 2, 
            "std_devs": 2
        }, 
        "fit": "linear", 
        "value": -0.16098989430448568
    }, 
    "Ar38": {
        "error": 0.013305412983110217, 
        "filter_outliers_dict": {
            "filter_outliers": true, 
            "iterations": 2, 
            "std_devs": 2
        }, 
        "fit": "linear", 
        "value": 1.5922659833106731
    }, 
    "Ar39": {
        "error": 0.03232821530800324, 
        "filter_outliers_dict": {
            "filter_outliers": true, 
            "iterations": 2, 
            "std_devs": 2
        }, 
        "fit": "Parabolic", 
        "value": 130.53103793883386
    }, 
    "Ar40": {
        "error": 0.07691784967705897, 
        "filter_outliers_dict": {
            "filter_outliers": true, 
            "iterations": 2, 
            "std_devs": 2
        }, 
        "fit": "Parabolic", 
        "value": 1613.852851213791
    }
}