{
    "Ar36": {
        "error": 0.0005691806405924557, 
        "filter_outliers_dict": {
            "filter_outliers": true, 
            "iterations": 2, 
            "std_devs": 2
        }, 
        "fit": "Parabolic", 
        "value": 0.04995782037403065
    }, 
    "Ar37": {
        "error": 0.01116662829225841, 
        "filter_outliers_dict": {
            "filter_outliers": true, 
            "iterations": 2, 
            "std_devs": 2
        }, 
        "fit": "linear", 
        "value": -0.13058049878993544
    }, 
    "Ar38": {
        "error": 0.013048216981524407, 
        "filter_outliers_dict": {
            "filter_outliers": true, 
            "iterations": 2, 
            "std_devs": 2
        }, 
        "fit": "linear", 
        "value": 1.5820809986429751
    }, 
    "Ar39": {
        "error": 0.03160473609280565, 
        "filter_outliers_dict": {
            "filter_outliers": true, 
            "iterations": 2, 
            "std_devs": 2
        }, 
        "fit": "Parabolic", 
        "value": 129.98021055629295
    }, 
    "Ar40": {
        "error": 0.08232198797883723, 
        "filter_outliers_dict": {
            "filter_outliers": true, 
            "iterations": 2, 
            "std_devs": 2
        }, 
        "fit": "Parabolic", 
        "value": 1608.3291971143763
    }
}